[
  {
    "id": "1088ed19-fbbd-4ca5-90a3-c7a745e3ffcf",
    "data": [
      {
        "text": "Drinks",
        "userDefined": false
      }
    ],
    "isTemplate": false,
    "count": 0,
    "lang": "en",
    "updated": 0
  },
  {
    "id": "b909f626-19a9-4f36-aab5-22fd5ef4d961",
    "data": [
      {
        "text": "Deserts",
        "userDefined": false
      }
    ],
    "isTemplate": false,
    "count": 0,
    "lang": "en",
    "updated": 0
  },
  {
    "id": "743349e5-86ed-4544-b3dd-fa702f00bb69",
    "data": [
      {
        "text": "Desert and drinks",
        "userDefined": false
      }
    ],
    "isTemplate": false,
    "count": 0,
    "lang": "en",
    "updated": 0
  }
]