[
  {
    "id": "400f6d52-4c6a-4fed-bfbc-a3ba5af59c3d",
    "data": [
      {
        "text": "ice cream",
        "userDefined": false
      }
    ],
    "isTemplate": false,
    "count": 0,
    "lang": "en",
    "updated": 0
  },
  {
    "id": "d8b06153-211e-4653-8348-0c8d39fa7750",
    "data": [
      {
        "text": "soda",
        "userDefined": false
      }
    ],
    "isTemplate": false,
    "count": 0,
    "lang": "en",
    "updated": 0
  },
  {
    "id": "db6701e3-1811-435a-8513-c12b22f36bb2",
    "data": [
      {
        "text": "Jamun",
        "userDefined": false
      }
    ],
    "isTemplate": false,
    "count": 0,
    "lang": "en",
    "updated": 0
  },
  {
    "id": "9c77974e-cbd3-4670-a742-1fc97c82a881",
    "data": [
      {
        "text": "tomato sup",
        "userDefined": false
      }
    ],
    "isTemplate": false,
    "count": 0,
    "lang": "en",
    "updated": 0
  },
  {
    "id": "6cacb9a2-eedf-4110-8be9-420ab729edeb",
    "data": [
      {
        "text": "paneer tikka",
        "userDefined": false
      }
    ],
    "isTemplate": false,
    "count": 0,
    "lang": "en",
    "updated": 0
  },
  {
    "id": "aca441eb-41f9-4036-a8a1-d3e6b581dafe",
    "data": [
      {
        "text": "vegetable samosa",
        "userDefined": false
      }
    ],
    "isTemplate": false,
    "count": 0,
    "lang": "en",
    "updated": 0
  }
]